<metadata xml:lang="en"><Esri><CreaDate>20150519</CreaDate><CreaTime>13340000</CreaTime><ArcGISFormat>1.0</ArcGISFormat><ArcGISstyle>ISO 19139 Metadata Implementation Specification</ArcGISstyle><SyncOnce>FALSE</SyncOnce><DataProperties><itemProps><itemName Sync="TRUE">runway</itemName><itemLocation><linkage Sync="FALSE">withheld</linkage><protocol Sync="TRUE">Local Area Network</protocol></itemLocation><itemSize Sync="TRUE">0.574</itemSize><nativeExtBox><westBL Sync="TRUE">-177.392583</westBL><eastBL Sync="TRUE">174.135094</eastBL><southBL Sync="TRUE">-14.340505</southBL><northBL Sync="TRUE">71.284878</northBL><exTypeCode Sync="TRUE">1</exTypeCode></nativeExtBox><imsContentType Sync="TRUE" export="False">002</imsContentType></itemProps><coordRef><type Sync="TRUE">Geographic</type><geogcsn Sync="TRUE">GCS_WGS_1984</geogcsn><csUnits Sync="TRUE">Angular Unit: Degree (0.017453)</csUnits><peXml Sync="TRUE">&lt;GeographicCoordinateSystem xsi:type='typens:GeographicCoordinateSystem' xmlns:xsi='http://www.w3.org/2001/XMLSchema-instance' xmlns:xs='http://www.w3.org/2001/XMLSchema' xmlns:typens='http://www.esri.com/schemas/ArcGIS/10.1'&gt;&lt;WKT&gt;GEOGCS[&amp;quot;GCS_WGS_1984&amp;quot;,DATUM[&amp;quot;D_WGS_1984&amp;quot;,SPHEROID[&amp;quot;WGS_1984&amp;quot;,6378137.0,298.257223563]],PRIMEM[&amp;quot;Greenwich&amp;quot;,0.0],UNIT[&amp;quot;Degree&amp;quot;,0.0174532925199433],AUTHORITY[&amp;quot;EPSG&amp;quot;,4326]]&lt;/WKT&gt;&lt;XOrigin&gt;-400&lt;/XOrigin&gt;&lt;YOrigin&gt;-400&lt;/YOrigin&gt;&lt;XYScale&gt;11258999068426.238&lt;/XYScale&gt;&lt;ZOrigin&gt;-100000&lt;/ZOrigin&gt;&lt;ZScale&gt;10000&lt;/ZScale&gt;&lt;MOrigin&gt;-100000&lt;/MOrigin&gt;&lt;MScale&gt;10000&lt;/MScale&gt;&lt;XYTolerance&gt;8.983152841195215e-009&lt;/XYTolerance&gt;&lt;ZTolerance&gt;0.001&lt;/ZTolerance&gt;&lt;MTolerance&gt;0.001&lt;/MTolerance&gt;&lt;HighPrecision&gt;true&lt;/HighPrecision&gt;&lt;LeftLongitude&gt;-180&lt;/LeftLongitude&gt;&lt;WKID&gt;4326&lt;/WKID&gt;&lt;LatestWKID&gt;4326&lt;/LatestWKID&gt;&lt;/GeographicCoordinateSystem&gt;</peXml></coordRef></DataProperties><SyncDate>20150615</SyncDate><SyncTime>11090600</SyncTime><ModDate>20150615</ModDate><ModTime>11090600</ModTime><ArcGISProfile>ISO19139</ArcGISProfile><scaleRange><minScale>150000000</minScale><maxScale>5000</maxScale></scaleRange></Esri><mdLang><languageCode value="eng"/><countryCode value="USA" Sync="TRUE"/></mdLang><mdChar><CharSetCd value="004"/></mdChar><mdHrLv><ScopeCd value="005"/></mdHrLv><mdContact><rpIndName>National Transportation Atlas Databases (NTAD) 2015</rpIndName><rpOrgName>Office of the Assistant Secretary for Research and Technology/Bureau of Transportation Statistics</rpOrgName><rpPosName>Geospatial Information Systems</rpPosName><rpCntInfo><cntPhone><voiceNum tddtty="">202-366-DATA</voiceNum></cntPhone><cntAddress addressType=""><delPoint>1200 New Jersey Ave. SE</delPoint><city>Washington</city><adminArea>DC</adminArea><postCode>20590</postCode><eMailAdd>answers@BTS.gov</eMailAdd></cntAddress></rpCntInfo><role><RoleCd value="007"/></role></mdContact><mdDateSt Sync="TRUE">20150615</mdDateSt><mdStanName>ArcGIS Metadata</mdStanName><mdStanVer>1.0</mdStanVer><distInfo><distributor><distorCont><rpIndName>Office of Geospatial Information Systems</rpIndName><rpOrgName>Office of the Assistant Secretary for Research and Technology's Bureau of Transportation Statistics (OST-R/BTS)</rpOrgName><rpCntInfo><cntPhone><voiceNum>202-366-DATA</voiceNum></cntPhone><cntAddress addressType="both"><delPoint>1200 New Jersey Avenue, SE</delPoint><delPoint>Office of the Assistant Secretary for Research and Technology's Bureau of Transportation Statistics (OST-R/BTS)</delPoint><city>Washington</city><adminArea>District of Columbia</adminArea><postCode>20590</postCode><country>US</country><eMailAdd>answers@bts.gov</eMailAdd></cntAddress></rpCntInfo><role><RoleCd value="005"/></role></distorCont><distorOrdPrc><resFees units="">None</resFees><planAvDtTm>2011-01-01T00:00:00</planAvDtTm><ordInstr>Call (202-366-DATA), or E-mail (answers@bts.gov) OST-R/BTS to request the National Transportation Atlas Databases (NTAD) 2015 DVD. The NTAD DVD can be ordered from the online bookstore at www.bts.gov. Individual datasets from the NTAD can also be downloaded from the Office of Geospatial Information Systems website at http://www.bts.gov/programs/geographic_information_services/.</ordInstr></distorOrdPrc><distorFormat><formatName>ESRI Shapefile</formatName><formatVer>2013</formatVer><fileDecmTech>No compression applied. However, if using digital transfer online option, note access instructions.</fileDecmTech></distorFormat><distorTran><transSize>2.113</transSize><onLineSrc><linkage>http://www.bts.gov/programs/geographic_information_services/</linkage></onLineSrc></distorTran><distorTran><transSize>2.113</transSize><offLineMed><medName><MedNameCd value="002"/></medName><medDensity>650</medDensity><medDenUnits>megabytes</medDenUnits><medFormat><MedFormCd value="004"/></medFormat></offLineMed></distorTran><distorTran><onLineSrc><orDesc>National Transportation Atlas Databases (NTAD) 2015</orDesc></onLineSrc></distorTran></distributor><distTranOps><onLineSrc><linkage>http://www.bts.gov/programs/geographic_information_services/</linkage></onLineSrc><transSize Sync="TRUE">0.574</transSize></distTranOps><distFormat><formatName Sync="TRUE">Shapefile</formatName></distFormat></distInfo><dataIdInfo><idCitation><resTitle Sync="FALSE">runway v. 17</resTitle><date><pubDate>2015-01-01</pubDate></date><citRespParty><rpOrgName>Federal Aviation Administration</rpOrgName><role><RoleCd value="006"/></role></citRespParty><presForm><PresFormCd value="005"/></presForm><presForm><fgdcGeoform>vector digital data</fgdcGeoform></presForm><collTitle>National Transportation Atlas Databases (NTAD) 2015</collTitle></idCitation><idAbs>&lt;DIV STYLE="text-align:Left;"&gt;&lt;DIV&gt;&lt;DIV&gt;&lt;P&gt;&lt;SPAN&gt;The Airport Runways database is a geographic dataset of runways in the United States and US territories containing information on the physical characteristics of the runways. The 6839 runways in the dataset are runways associated with the 19527 airports in the companion airport data set. This geospatial data is derived from the FAA's National Airspace System Resource Aeronautical Data Product (Effective April 2015).&lt;/SPAN&gt;&lt;/P&gt;&lt;/DIV&gt;&lt;/DIV&gt;&lt;/DIV&gt;</idAbs><idPurp>This data provides users with information about the runway locations and attributes for national and regional analysis applications.</idPurp><idCredit>The Federal Aviation Administration (FAA) develops and maintains the textual data from which this geospatial layer was derived.</idCredit><idStatus><ProgCd value="001"/></idStatus><idPoC><rpOrgName>Federal Aviation Administration (Aeronautical Information Services, ATA-100)</rpOrgName><rpCntInfo><cntPhone><voiceNum tddtty="">1-800-457-6656 x35442</voiceNum></cntPhone><cntAddress addressType="both"><delPoint>800 Independence Avenue, S.W.</delPoint><delPoint>FAA National Headquarters</delPoint><city>Washington</city><adminArea>DC</adminArea><postCode>20591</postCode><country>US</country></cntAddress></rpCntInfo><role><RoleCd value="007"/></role></idPoC><idPoC><rpIndName>National Transportation Atlas Databases (NTAD) 2015</rpIndName><rpOrgName>Office of the Assistant Secretary for Research and Technology/Bureau of Transportation Statistics</rpOrgName><rpPosName>Geospatial Information Systems</rpPosName><rpCntInfo><cntPhone><voiceNum tddtty="">202-366-DATA</voiceNum></cntPhone><cntAddress addressType=""><delPoint>1200 New Jersey Ave. SE</delPoint><city>Washington</city><adminArea>DC</adminArea><postCode>20590</postCode><eMailAdd>answers@BTS.gov</eMailAdd></cntAddress></rpCntInfo><role><RoleCd value="007"/></role></idPoC><resMaint><maintFreq><MaintFreqCd value="008"/></maintFreq></resMaint><placeKeys><keyword>US Territories</keyword><keyword>United States</keyword><keyword>USA</keyword><keyword>US</keyword></placeKeys><stratKeys><keyword>air</keyword></stratKeys><tempKeys><keyword>2010</keyword><keyword>2013</keyword><keyword>2012</keyword><keyword>2011</keyword><keyword>2009</keyword><keyword>2014</keyword><keyword>2008</keyword><keyword>2015</keyword></tempKeys><themeKeys><thesaName><resTitle>ISO 19115 Topic Categories</resTitle></thesaName><keyword>economy</keyword><keyword>transportation</keyword></themeKeys><themeKeys><thesaName><resTitle>polyline</resTitle></thesaName><keyword>Transportation Theme</keyword><keyword>landing</keyword><keyword>aircraft</keyword><keyword>runways</keyword><keyword>transportation</keyword><keyword>airports</keyword><keyword>NGDA</keyword><keyword>National Geospatial Data Asset</keyword></themeKeys><searchKeys><keyword>US Territories</keyword><keyword>United States</keyword><keyword>Transportation Theme</keyword><keyword>economy</keyword><keyword>landing</keyword><keyword>aircraft</keyword><keyword>runways</keyword><keyword>transportation</keyword><keyword>transportation</keyword><keyword>USA</keyword><keyword>airports</keyword><keyword>2010</keyword><keyword>2013</keyword><keyword>2012</keyword><keyword>2011</keyword><keyword>NGDA</keyword><keyword>National Geospatial Data Asset</keyword><keyword>2009</keyword><keyword>2014</keyword><keyword>US</keyword><keyword>air</keyword><keyword>2008</keyword><keyword>2015</keyword></searchKeys><resConst><LegConsts><useLimit>None</useLimit></LegConsts></resConst><resConst><SecConsts><class><ClasscationCd value="001"/></class></SecConsts></resConst><resConst><Consts><useLimit>&lt;DIV STYLE="text-align:Left;"&gt;&lt;DIV&gt;&lt;DIV&gt;&lt;P&gt;&lt;SPAN&gt;None. Acknowledgment of the Federal Aviation Administration (FAA) and the Office of the Assistant Secretary for Research and Technology's Bureau of Transportation Statistics (OST-R/BTS) National Transportation Atlas Databases (NTAD) 2015 would be appreciated in products derived from these data.&lt;/SPAN&gt;&lt;/P&gt;&lt;/DIV&gt;&lt;/DIV&gt;&lt;/DIV&gt;</useLimit></Consts></resConst><aggrInfo><aggrDSName><resTitle>National Transportation Atlas Databases (NTAD) 2015</resTitle><date><pubDate>2015-04-01</pubDate></date><presForm><PresFormCd value="005"/></presForm><presForm><fgdcGeoform>vector digital data</fgdcGeoform></presForm><citOnlineRes><linkage>http://www.bts.gov/programs/geographic_information_services/</linkage></citOnlineRes></aggrDSName><assocType><AscTypeCd value="002"/></assocType></aggrInfo><spatRpType><SpatRepTypCd value="001"/></spatRpType><dataLang><languageCode value="eng"/><countryCode value="USA" Sync="TRUE"/></dataLang><envirDesc Sync="TRUE">Microsoft Windows 7 Version 6.1 (Build 7601) Service Pack 1; Esri ArcGIS 10.2.0.3348</envirDesc><dataExt><exDesc>publication date</exDesc><tempEle><TempExtent><exTemp><TM_Instant><tmPosition>2015-01-01</tmPosition></TM_Instant></exTemp></TempExtent></tempEle></dataExt><dataExt><geoEle><GeoBndBox><westBL>-177.392583</westBL><eastBL>174.135094</eastBL><southBL>-14.340505</southBL><northBL>71.284878</northBL></GeoBndBox></geoEle></dataExt><dataExt><geoEle><GeoBndBox esriExtentType="search"><exTypeCode Sync="TRUE">1</exTypeCode><westBL Sync="TRUE">-177.392583</westBL><eastBL Sync="TRUE">174.135094</eastBL><northBL Sync="TRUE">71.284878</northBL><southBL Sync="TRUE">-14.340505</southBL></GeoBndBox></geoEle></dataExt><dataChar><CharSetCd value="004"/></dataChar><tpCat><TopicCatCd value="018"/></tpCat><tpCat><TopicCatCd value="005"/></tpCat></dataIdInfo><dqInfo><dqScope><scpLvl><ScopeCd value="005"/></scpLvl></dqScope><report type="DQConcConsis" dimension=""><measDesc>All linear features in this data set are straight lines. ID is the unique identifier for each record in the dataset. There may be more than one runway (ID) located at a single airport. Airports can be individually identified by the landing facility location identifier (LOCID) or by the site number (SITENO) attribute. OST-R/BTS quality checks were to cross reference the place dataset with the state dataset, to determine that the spatial data and attribute data were accurate</measDesc></report><report type="DQCompOm" dimension=""><measDesc>Landing facilities in this database consist of those identified in the NFDC 5527 database to be either publicly owned, or privately owned but open to the public, or owned by the U.S. military. The following landing facilities have been excluded: private landing facilities not open to the public, glider ports and ultra light landing facilities, as well as landing facilities that do not have a current LOCID assigned to them.</measDesc></report><report type="DQQuanAttAcc" dimension=""><measDesc>Data were obtained from the Federal Aviation Administration's (FAA) National Airspace System Resource Aeronautical Data. This product was published by the Aeronautical Information Services with an Effective Date of April 2015.</measDesc></report><report type="DQAbsExtPosAcc" dimension="horizontal"><measDesc>Horizontal positional accuracy is based on coordinate data provided in the FAA National Airspace System Resource Aeronautical Dataset (Effective April 2015). These coordinate data identify the approximate location of the Airport Reference Point (ARP) as reported by the landing facility on the NFDC (National Flight Data Center) 5010 form. According to NFDC guidelines, the location of the ARP should be reported to a horizontal accuracy of one arc second of latitude and longitude. However, the accuracy of these reported coordinates are not verified by FAA.</measDesc></report><dataLineage><dataSource type=""><srcDesc>Data were obtained from the Federal Aviation Administration's (FAA) National Airspace System Resource Aeronautical Data. This product was published by the Aeronautical Information Services with an Effective Date of April 2015.</srcDesc><srcMedName><MedNameCd value="001"/></srcMedName><srcCitatn><resTitle>FAA National Airspace System Resource Aeronautical Data</resTitle><resAltTitle>FAA-NASRAD</resAltTitle><date><pubDate>2011-01-01</pubDate></date><resEd>FAA National Airspace System Resource Aeronautical Data (Effective April 2015)</resEd><citRespParty><rpOrgName>Federal Aviation Administration</rpOrgName><role><RoleCd value="006"/></role></citRespParty><citRespParty><rpOrgName>Federal Aviation Administration (FAA)</rpOrgName><rpCntInfo><cntAddress><delPoint>Washington, DC</delPoint></cntAddress></rpCntInfo><role><RoleCd value="010"/></role></citRespParty><presForm><PresFormCd value="001"/></presForm><presForm><fgdcGeoform>tabular digital data</fgdcGeoform></presForm></srcCitatn><srcExt><exDesc>publication date</exDesc><tempEle><TempExtent><exTemp><TM_Instant><tmPosition>2011-01-01</tmPosition></TM_Instant></exTemp></TempExtent></tempEle></srcExt></dataSource><prcStep><stepDesc>The creation of this geospatial data layer was completed by OST-R/BTS in April 2015. This Shapefile was derived from textual data on the FAA National Airspace System Resource Aeronautical Data CDROM, effective April 2015. The Apt.txt file was converted into three files using the UNIX command grep. The runway table structure was built in Oracle that followed the structure of the facility runway data described in the Apt_rf.txt file. A control file was built for the desired runway data structure and SQL Loader was used to load the data into the database. The degrees, minutes, and seconds' columns were converted into decimal degrees and ESRI products were used to create the runway linear dataset.</stepDesc><stepDateTm>2011-01-01T00:00:00</stepDateTm><stepProc><rpIndName>Office of Geospatial Information Systems</rpIndName><rpOrgName>Office of the Assistant Secretary for Research and Technology's Bureau of Transportation Statistics (OST-R/BTS)</rpOrgName><rpCntInfo><cntPhone><voiceNum>202-366-DATA</voiceNum></cntPhone><cntAddress addressType="both"><delPoint>1200 New Jersey Ave. S.E.</delPoint><city>Washington</city><adminArea>DC</adminArea><postCode>20590</postCode><country>US</country><eMailAdd>answers@bts.gov</eMailAdd></cntAddress></rpCntInfo><role><RoleCd value="009"/></role></stepProc><stepSrc type="used"><srcCitatn><resAltTitle>FAA-NASRAD</resAltTitle></srcCitatn></stepSrc></prcStep></dataLineage></dqInfo><spatRepInfo><VectSpatRep><geometObjs Name="runway"><geoObjTyp><GeoObjTypCd value="002" Sync="TRUE"></GeoObjTypCd></geoObjTyp><geoObjCnt Sync="TRUE">6839</geoObjCnt></geometObjs><topLvl><TopoLevCd value="001" Sync="TRUE"></TopoLevCd></topLvl></VectSpatRep></spatRepInfo><eainfo><detailed Name="runway"><enttyp><enttypl Sync="TRUE">runway</enttypl><enttypd>Runways of the United States and its territories in GIS format.</enttypd><enttypds>Office of the Assistant Secretary for Research and Technology's Bureau of Transportation Statistics (OST-R/BTS)</enttypds><enttypt Sync="TRUE">Feature Class</enttypt><enttypc Sync="TRUE">6839</enttypc></enttyp><attr><attrlabl>FID</attrlabl><attrdef>Internal feature number.</attrdef><attrdefs>ESRI</attrdefs><attrdomv><udom>Sequential unique whole numbers that are automatically generated.</udom></attrdomv><attalias Sync="TRUE">FID</attalias><attrtype Sync="TRUE">OID</attrtype><attwidth Sync="TRUE">4</attwidth><atprecis Sync="TRUE">0</atprecis><attscale Sync="TRUE">0</attscale></attr><attr><attrlabl>Shape</attrlabl><attrdef>Feature geometry.</attrdef><attrdefs>ESRI</attrdefs><attrdomv><udom>Coordinates defining the features.</udom></attrdomv><attalias Sync="TRUE">Shape</attalias><attrtype Sync="TRUE">Geometry</attrtype><attwidth Sync="TRUE">0</attwidth><atprecis Sync="TRUE">0</atprecis><attscale Sync="TRUE">0</attscale></attr><attr><attrlabl>SiteNumber</attrlabl><attrdef>A unique identifying number followed by an asterisk and the 'landing facility type' code.  The SITE_NO forms the key to the airport records in the NFDC (5010) database.  Example: 04508.*A</attrdef><attrdefs>FAA</attrdefs><attrdomv><codesetd><codesetn>List of Official Airport Site Numbers</codesetn><codesets>FAA</codesets></codesetd></attrdomv><attalias Sync="TRUE">SiteNumber</attalias><attrtype Sync="TRUE">String</attrtype><attwidth Sync="TRUE">11</attwidth><atprecis Sync="TRUE">0</atprecis><attscale Sync="TRUE">0</attscale></attr><attr><attrlabl>StateAbbv</attrlabl><attrdef>Runway state post office code</attrdef><attrdefs>USPS</attrdefs><attrdomv><codesetd><codesetn>List of Official U.S. State and Territory Postal Abbreviations</codesetn><codesets>U.S. Post Office</codesets></codesetd></attrdomv><attalias Sync="TRUE">StateAbbv</attalias><attrtype Sync="TRUE">String</attrtype><attwidth Sync="TRUE">2</attwidth><atprecis Sync="TRUE">0</atprecis><attscale Sync="TRUE">0</attscale></attr><attr><attrlabl>ID</attrlabl><attrdef>Runway unique identification code. For example: 01/19; 18L/36R (parallel runways); H1 (helipad); N/S (north/south); ALL/WAY (sealane); B1 (baloonport).</attrdef><attrdefs>FAA</attrdefs><attrdomv><codesetd><codesetn>List of Official Runway Codes</codesetn><codesets>FAA</codesets></codesetd></attrdomv><attalias Sync="TRUE">ID</attalias><attrtype Sync="TRUE">String</attrtype><attwidth Sync="TRUE">7</attwidth><atprecis Sync="TRUE">0</atprecis><attscale Sync="TRUE">0</attscale></attr><attr><attrlabl>Length</attrlabl><attrdef>The physical runway length, to the nearest foot.  (Ex. 3500)</attrdef><attrdefs>FAA</attrdefs><attrdomv><udom>measured value</udom></attrdomv><attalias Sync="TRUE">Length</attalias><attrtype Sync="TRUE">Double</attrtype><attwidth Sync="TRUE">19</attwidth><atprecis Sync="TRUE">0</atprecis><attscale Sync="TRUE">0</attscale></attr><attr><attrlabl>Width</attrlabl><attrdef>The physical runway width, to the nearest foot. (Ex. 100)</attrdef><attrdefs>FAA</attrdefs><attrdomv><udom>measured value</udom></attrdomv><attalias Sync="TRUE">Width</attalias><attrtype Sync="TRUE">Double</attrtype><attwidth Sync="TRUE">19</attwidth><atprecis Sync="TRUE">0</atprecis><attscale Sync="TRUE">0</attscale></attr><attr><attrlabl>PCN</attrlabl><attrdef> PAVEMENT CLASSIFICATION NUMBER (PCN)-A RATING SYSTEM THAT EXPRESSES THE RELATIVE LOAD CARRYING CAPACITY OF A PAVEMENT IN TERMS OF A STANDARD SINGLE WHEEL LOAD. THE RATING IS STRUCTURED SO THAT A PAVEMENT WITH A PARTICULAR PCN VALUE CAN SUPPORT, WITHOUT WEIGHT RESTRICTIONS, AN AIRCRAFT WHICH HAS AN AIRCRAFT CLASSIFICATION NUMBER (ACN) EQUAL TO OR LESS THAN THE PAVEMENT'S PCN VALUE. THE DATA FORMAT IS PCN/PAVEMENT TYPE/SUBGRADE STRENGTH/TIRE PRESSURE/DETERMINATION METHOD</attrdef><attrdefs>FAA</attrdefs><attrdomv><edom><edomv>R</edomv><edomvd>Pavement Type - Rigid</edomvd><edomvds>FAA</edomvds></edom></attrdomv><attrdomv><edom><edomv>T</edomv><edomvd>Pavement Type - Flexible</edomvd><edomvds>FAA</edomvds></edom></attrdomv><attrdomv><edom><edomv>A</edomv><edomvd>SUBGRADE STRENGTH LEVEL</edomvd><edomvds>FAA</edomvds></edom></attrdomv><attrdomv><edom><edomv>B</edomv><edomvd>SUBGRADE STRENGTH LEVEL</edomvd><edomvds>FAA</edomvds></edom></attrdomv><attrdomv><edom><edomv>C</edomv><edomvd>SUBGRADE STRENGTH LEVEL</edomvd><edomvds>FAA</edomvds></edom></attrdomv><attrdomv><edom><edomv>D</edomv><edomvd>SUBGRADE STRENGTH LEVEL</edomvd><edomvds>FAA</edomvds></edom></attrdomv><attrdomv><edom><edomv>E</edomv><edomvd>SUBGRADE STRENGTH LEVEL</edomvd><edomvds>FAA</edomvds></edom></attrdomv><attrdomv><edom><edomv>F</edomv><edomvd>SUBGRADE STRENGTH LEVEL</edomvd><edomvds>FAA</edomvds></edom></attrdomv><attrdomv><edom><edomv>W</edomv><edomvd>TIRE PRESSURE CODE</edomvd><edomvds>FAA</edomvds></edom></attrdomv><attrdomv><edom><edomv>X</edomv><edomvd>TIRE PRESSURE CODE</edomvd><edomvds>FAA</edomvds></edom></attrdomv><attrdomv><edom><edomv>Y</edomv><edomvd>TIRE PRESSURE CODE</edomvd><edomvds>FAA</edomvds></edom></attrdomv><attrdomv><edom><edomv>Z</edomv><edomvd>TIRE PRESSURE CODE</edomvd><edomvds>FAA</edomvds></edom></attrdomv><attrdomv><edom><edomv>T</edomv><edomvd>TECHNICAL</edomvd><edomvds>FAA</edomvds></edom></attrdomv><attrdomv><edom><edomv>U</edomv><edomvd>USING AIRCRAFT</edomvd><edomvds>FAA</edomvds></edom></attrdomv><attalias Sync="TRUE">PCN</attalias><attrtype Sync="TRUE">String</attrtype><attwidth Sync="TRUE">11</attwidth><atprecis Sync="TRUE">0</atprecis><attscale Sync="TRUE">0</attscale></attr><attr><attrlabl>LightsEdge</attrlabl><attrdef>Runway lights edge intensity</attrdef><attrdefs>FAA</attrdefs><attrdomv><edom><edomv>HIGH</edomv><edomvd>High</edomvd><edomvds>FAA</edomvds></edom></attrdomv><attrdomv><edom><edomv>MED</edomv><edomvd>Medium</edomvd><edomvds>FAA</edomvds></edom></attrdomv><attrdomv><edom><edomv>LOW</edomv><edomvd>Low</edomvd><edomvds>FAA</edomvds></edom></attrdomv><attrdomv><edom><edomv>NSTD</edomv><edomvd>Non-standard lighting system</edomvd><edomvds>FAA</edomvds></edom></attrdomv><attrdomv><edom><edomv>NONE</edomv><edomvd>No edge lighting system</edomvd><edomvds>FAA</edomvds></edom></attrdomv><attalias Sync="TRUE">LightsEdge</attalias><attrtype Sync="TRUE">String</attrtype><attwidth Sync="TRUE">5</attwidth><atprecis Sync="TRUE">0</atprecis><attscale Sync="TRUE">0</attscale></attr><attr><attrlabl>LengthSour</attrlabl><attrdef>RUNWAY LENGTH SOURCE</attrdef><attrdefs>FAA</attrdefs><attalias Sync="TRUE">LengthSour</attalias><attrtype Sync="TRUE">String</attrtype><attwidth Sync="TRUE">16</attwidth><atprecis Sync="TRUE">0</atprecis><attscale Sync="TRUE">0</attscale></attr><attr><attrlabl>LengthSo_1</attrlabl><attrdef>RUNWAY LENGTH SOURCE DATE (MM/DD/YYYY)</attrdef><attrdefs>FAA</attrdefs><attrdomv><udom>Date</udom></attrdomv><attalias Sync="TRUE">LengthSo_1</attalias><attrtype Sync="TRUE">String</attrtype><attwidth Sync="TRUE">10</attwidth><atprecis Sync="TRUE">0</atprecis><attscale Sync="TRUE">0</attscale></attr><attr><attrlabl Sync="TRUE">CapacitySi</attrlabl><attalias Sync="TRUE">CapacitySi</attalias><attrtype Sync="TRUE">Double</attrtype><attwidth Sync="TRUE">19</attwidth><atprecis Sync="TRUE">0</atprecis><attscale Sync="TRUE">0</attscale></attr><attr><attrlabl Sync="TRUE">CapacityDu</attrlabl><attalias Sync="TRUE">CapacityDu</attalias><attrtype Sync="TRUE">Double</attrtype><attwidth Sync="TRUE">19</attwidth><atprecis Sync="TRUE">0</atprecis><attscale Sync="TRUE">0</attscale></attr><attr><attrlabl Sync="TRUE">Capacity2D</attrlabl><attalias Sync="TRUE">Capacity2D</attalias><attrtype Sync="TRUE">Double</attrtype><attwidth Sync="TRUE">19</attwidth><atprecis Sync="TRUE">0</atprecis><attscale Sync="TRUE">0</attscale></attr><attr><attrlabl Sync="TRUE">Capacity_1</attrlabl><attalias Sync="TRUE">Capacity_1</attalias><attrtype Sync="TRUE">Double</attrtype><attwidth Sync="TRUE">19</attwidth><atprecis Sync="TRUE">0</atprecis><attscale Sync="TRUE">0</attscale></attr><attr><attrlabl>STFIPS</attrlabl><attrdef>The 2-character FIPS code of the State or State equivalent</attrdef><attrdefs>OST-R/BTS</attrdefs><attrdomv><codesetd><codesetn>Codes for the Identification of the States, the District of Columbia and the Outlying Areas of the United States, and Associated Areas, FIPS 5-2.</codesetn><codesets>U.S. Department of Commerce, National Institute of Standards and Technology</codesets></codesetd></attrdomv><attalias Sync="TRUE">STFIPS</attalias><attrtype Sync="TRUE">String</attrtype><attwidth Sync="TRUE">2</attwidth><atprecis Sync="TRUE">0</atprecis><attscale Sync="TRUE">0</attscale></attr></detailed></eainfo><mdHrLvName Sync="TRUE">dataset</mdHrLvName><refSysInfo><RefSystem dimension=""><refSysID><identCode code="4326" Sync="TRUE"/><idCodeSpace Sync="TRUE">EPSG</idCodeSpace><idVersion Sync="TRUE">8.1.1</idVersion></refSysID></RefSystem></refSysInfo><spdoinfo><ptvctinf><esriterm Name="runway"><efeatyp Sync="TRUE">Simple</efeatyp><efeageom code="3" Sync="TRUE"></efeageom><esritopo Sync="TRUE">FALSE</esritopo><efeacnt Sync="TRUE">6839</efeacnt><spindex Sync="TRUE">TRUE</spindex><linrefer Sync="TRUE">FALSE</linrefer></esriterm></ptvctinf></spdoinfo></metadata>
