<metadata><idinfo><citation><citeinfo><origin>Kathleen M Haller - USGS</origin><pubdate>20140717</pubdate><title>USGS Quaternary Faults</title><geoform>Vector Digital Data Set (Polyline)</geoform><serinfo><sername>USGS Open File Report</sername><issue>2014-1091</issue></serinfo><onlink>http://earthquake.usgs.gov/hazards/qfaults/qfaults.zip</onlink><lworkcit><citeinfo><origin>Mark D. Petersen</origin><origin>Morgan P. Moschetti</origin><origin>Peter M. Powers</origin><origin>Charles S. Mueller</origin><origin>Kathleen M. Haller</origin><origin>Arthur D. Frankel</origin><origin>Yuehua Zeng</origin><origin>Sanaz Rezaeian</origin><origin>Stephen C. Harmsen</origin><origin>Oliver S. Boyd</origin><origin>Ned Field</origin><origin>Rui Chen</origin><origin>Kenneth S. Rukstales</origin><origin>Nico Luco</origin><origin>Russell L. Wheeler</origin><origin>Robert A. Williams</origin><origin>Anna H. Olsen</origin><pubdate>20140717</pubdate><title>Documentation for the 2014 Update of the United States National Seismic Hazard Maps</title><geoform>Ongoing Project</geoform><serinfo><sername>Open File Report</sername><issue>2014-1091</issue></serinfo><pubinfo><pubplace>Reston, VA</pubplace><publish>USGS</publish></pubinfo></citeinfo></lworkcit></citeinfo></citation><descript><abstract>This database contains information on faults and associated folds in the United States that are believed to be sources of M&gt;6 earthquakes during the Quaternary (the past 1,600,000 years). Maps of these geologic structures are linked to detailed descriptions and references.</abstract><purpose>This database is the source for faults used in the National Seismic Hazard Maps, however, the spatial representation of the faults in the hazard maps was simplified and critical fault parameters were assigned to produce the hazard maps.</purpose></descript><timeperd><timeinfo><sngdate><caldate>20101103</caldate></sngdate></timeinfo><current>publication date</current></timeperd><status><progress>In work</progress><update>As needed</update></status><spdom><bounding><westbc>168.874</westbc><eastbc>-95</eastbc><northbc>70.751656946</northbc><southbc>18.7662270945</southbc></bounding></spdom><keywords><theme><themekt>None</themekt><themekey>earthquake</themekey><themekey>seismic hazards</themekey><themekey>quaternary faults</themekey></theme></keywords><accconst>None. Please see 'Distribution Info' for details.</accconst><useconst>None. Users are advised to read the data set's metadata thoroughly to understand appropriate use and data limitations.</useconst><ptcontac><cntinfo><cntorgp><cntorg>U.S. Geological Survey, NORTHWEST REGION</cntorg><cntper>Kathleen M Haller</cntper></cntorgp><cntpos>Research Geologist</cntpos><cntaddr><addrtype>mailing address</addrtype><address>Mail Stop MS 966, 1711 Illinois St</address><city>Golden</city><state>CO</state><postal>80401</postal></cntaddr><cntvoice>303-273-8616</cntvoice><cntfax>303-273-8600</cntfax><cntemail>haller@usgs.gov</cntemail></cntinfo></ptcontac><native>Environment as of Metadata Creation: Microsoft Windows 7 Version 6.1 (Build 7601) Service Pack 1; Esri ArcGIS 10.3.1 (Build 4959) Service Pack N/A (Build N/A)</native></idinfo><dataqual><attracc><attraccr>No formal attribute accuracy tests were conducted.</attraccr></attracc><logic>No formal logical accuracy tests were conducted.</logic><complete>Data set is considered complete for the information presented, as described in the abstract. Users are advised to read the rest of the metadata record carefully for additional details.</complete><posacc><horizpa><horizpar>A formal accuracy assessment of the horizontal positional information in the data set has not been conducted.</horizpar></horizpa><vertacc><vertaccr>A formal accuracy assessment of the vertical positional information in the data set has either not been conducted, or is not applicable.</vertaccr></vertacc></posacc><lineage><procstep><procdesc>Development of the data set by the agency / individuals identified in the 'Originator' element in the Identification Info section of the record.</procdesc><procdate>Unknown</procdate></procstep></lineage></dataqual><spdoinfo><direct>Vector</direct><ptvctinf><sdtsterm><sdtstype>String</sdtstype><ptvctcnt>10329</ptvctcnt></sdtsterm></ptvctinf></spdoinfo><spref><horizsys><geograph><latres>0.0197273585</latres><longres>0.0276362542</longres><geogunit>Decimal seconds</geogunit></geograph><geodetic><horizdn>D_WGS_1984</horizdn><ellips>WGS_1984</ellips><semiaxis>6378137.0</semiaxis><denflat>298.257223563</denflat></geodetic></horizsys></spref><eainfo><detailed Name="sectionsfin_wAK"><enttyp><enttypl>Attribute Table</enttypl><enttypd>Table containing attribute information associated with the data set.</enttypd><enttypds>Producer defined</enttypds></enttyp><attr><attrlabl>objectid</attrlabl><attrdef>Unknown</attrdef><attrdefs>Producer defined</attrdefs><attrdomv><rdom><rdommin>0</rdommin><rdommax>10201</rdommax></rdom></attrdomv></attr><attr><attrlabl>name</attrlabl><attrdef>Fault Name</attrdef><attrdefs>Producer defined</attrdefs><attrdomv><udom>Fault Name</udom></attrdomv></attr><attr><attrlabl>code</attrlabl><attrdef>Fault Code</attrdef><attrdefs>Producer defined</attrdefs><attrdomv><rdom><rdommin>0</rdommin><rdommax>364</rdommax></rdom></attrdomv></attr><attr><attrlabl>num</attrlabl><attrdef>Unknown</attrdef><attrdefs>Producer defined</attrdefs><attrdomv><udom>Unknown</udom></attrdomv></attr><attr><attrlabl>age</attrlabl><attrdef>Fault Age</attrdef><attrdefs>Producer defined</attrdefs><attrdomv><edom><edomv>{Null Value / Empty Field Entry}</edomv><edomvd>Fault Age</edomvd><edomvds>Producer defined</edomvds></edom></attrdomv><attrdomv><edom><edomv>&lt;1,600,000</edomv><edomvd>Unknown</edomvd><edomvds>Producer defined</edomvds></edom></attrdomv><attrdomv><edom><edomv>&lt;130,000</edomv><edomvd>Unknown</edomvd><edomvds>Producer defined</edomvds></edom></attrdomv><attrdomv><edom><edomv>&lt;15,000</edomv><edomvd>Unknown</edomvd><edomvds>Producer defined</edomvds></edom></attrdomv><attrdomv><edom><edomv>&lt;150</edomv><edomvd>Unknown</edomvd><edomvds>Producer defined</edomvds></edom></attrdomv><attrdomv><edom><edomv>&lt;750,000</edomv><edomvd>Unknown</edomvd><edomvds>Producer defined</edomvds></edom></attrdomv><attrdomv><edom><edomv>Class B</edomv><edomvd>Unknown</edomvd><edomvds>Producer defined</edomvds></edom></attrdomv><attrdomv><edom><edomv>Class C-D</edomv><edomvd>Unknown</edomvd><edomvds>Producer defined</edomvds></edom></attrdomv></attr><attr><attrlabl>acode</attrlabl><attrdef>Age Code</attrdef><attrdefs>Producer defined</attrdefs><attrdomv><rdom><rdommin>0</rdommin><rdommax>6</rdommax></rdom></attrdomv></attr><attr><attrlabl>sliprate</attrlabl><attrdef>Slip Rate</attrdef><attrdefs>Producer defined</attrdefs><attrdomv><edom><edomv>{Null Value / Empty Field Entry}</edomv><edomvd>Unknown</edomvd><edomvds>Producer defined</edomvds></edom></attrdomv><attrdomv><edom><edomv>0.2-1</edomv><edomvd>Unknown</edomvd><edomvds>Producer defined</edomvds></edom></attrdomv><attrdomv><edom><edomv>1-5</edomv><edomvd>Unknown</edomvd><edomvds>Producer defined</edomvds></edom></attrdomv><attrdomv><edom><edomv>&lt;0.2</edomv><edomvd>Unknown</edomvd><edomvds>Producer defined</edomvds></edom></attrdomv><attrdomv><edom><edomv>&gt;5</edomv><edomvd>Unknown</edomvd><edomvds>Producer defined</edomvds></edom></attrdomv><attrdomv><edom><edomv>Unknown</edomv><edomvd>Unknown</edomvd><edomvds>Producer defined</edomvds></edom></attrdomv><attrdomv><edom><edomv>unknown</edomv><edomvd>Unknown</edomvd><edomvds>Producer defined</edomvds></edom></attrdomv></attr><attr><attrlabl>slipcode</attrlabl><attrdef>Slip Code</attrdef><attrdefs>Producer defined</attrdefs><attrdomv><rdom><rdommin>0</rdommin><rdommax>5</rdommax></rdom></attrdomv></attr><attr><attrlabl>slipsense</attrlabl><attrdef>Slip Sense</attrdef><attrdefs>Producer defined</attrdefs><attrdomv><edom><edomv>{Null Value / Empty Field Entry}</edomv><edomvd>Unknown</edomvd><edomvds>Producer defined</edomvds></edom></attrdomv><attrdomv><edom><edomv>AC</edomv><edomvd>Unknown</edomvd><edomvds>Producer defined</edomvds></edom></attrdomv><attrdomv><edom><edomv>LL</edomv><edomvd>Unknown</edomvd><edomvds>Producer defined</edomvds></edom></attrdomv><attrdomv><edom><edomv>MC</edomv><edomvd>Unknown</edomvd><edomvds>Producer defined</edomvds></edom></attrdomv><attrdomv><edom><edomv>N</edomv><edomvd>Unknown</edomvd><edomvds>Producer defined</edomvds></edom></attrdomv><attrdomv><edom><edomv>R</edomv><edomvd>Unknown</edomvd><edomvds>Producer defined</edomvds></edom></attrdomv><attrdomv><edom><edomv>RL</edomv><edomvd>Unknown</edomvd><edomvds>Producer defined</edomvds></edom></attrdomv><attrdomv><edom><edomv>SC</edomv><edomvd>Unknown</edomvd><edomvds>Producer defined</edomvds></edom></attrdomv><attrdomv><edom><edomv>SS</edomv><edomvd>Unknown</edomvd><edomvds>Producer defined</edomvds></edom></attrdomv><attrdomv><edom><edomv>T</edomv><edomvd>Unknown</edomvd><edomvds>Producer defined</edomvds></edom></attrdomv><attrdomv><edom><edomv>Unk</edomv><edomvd>Unknown</edomvd><edomvds>Producer defined</edomvds></edom></attrdomv></attr><attr><attrlabl>dipdirecti</attrlabl><attrdef>Dip Direction</attrdef><attrdefs>Producer defined</attrdefs><attrdomv><edom><edomv>{Null Value / Empty Field Entry}</edomv><edomvd>Unknown</edomvd><edomvds>Producer defined</edomvds></edom></attrdomv><attrdomv><edom><edomv>Center</edomv><edomvd>Unknown</edomvd><edomvds>Producer defined</edomvds></edom></attrdomv><attrdomv><edom><edomv>East</edomv><edomvd>Unknown</edomvd><edomvds>Producer defined</edomvds></edom></attrdomv><attrdomv><edom><edomv>North</edomv><edomvd>Unknown</edomvd><edomvds>Producer defined</edomvds></edom></attrdomv><attrdomv><edom><edomv>Northeast</edomv><edomvd>Unknown</edomvd><edomvds>Producer defined</edomvds></edom></attrdomv><attrdomv><edom><edomv>Northwest</edomv><edomvd>Unknown</edomvd><edomvds>Producer defined</edomvds></edom></attrdomv><attrdomv><edom><edomv>Northwest,South</edomv><edomvd>Unknown</edomvd><edomvds>Producer defined</edomvds></edom></attrdomv><attrdomv><edom><edomv>South</edomv><edomvd>Unknown</edomvd><edomvds>Producer defined</edomvds></edom></attrdomv><attrdomv><edom><edomv>Southeast</edomv><edomvd>Unknown</edomvd><edomvds>Producer defined</edomvds></edom></attrdomv><attrdomv><edom><edomv>Southwest</edomv><edomvd>Unknown</edomvd><edomvds>Producer defined</edomvds></edom></attrdomv><attrdomv><edom><edomv>unknown</edomv><edomvd>Unknown</edomvd><edomvds>Producer defined</edomvds></edom></attrdomv><attrdomv><edom><edomv>Unspecified</edomv><edomvd>Unknown</edomvd><edomvds>Producer defined</edomvds></edom></attrdomv><attrdomv><edom><edomv>Various</edomv><edomvd>Unknown</edomvd><edomvds>Producer defined</edomvds></edom></attrdomv><attrdomv><edom><edomv>Vertical</edomv><edomvd>Unknown</edomvd><edomvds>Producer defined</edomvds></edom></attrdomv><attrdomv><edom><edomv>vertical</edomv><edomvd>Unknown</edomvd><edomvds>Producer defined</edomvds></edom></attrdomv><attrdomv><edom><edomv>vertical, North</edomv><edomvd>Unknown</edomvd><edomvds>Producer defined</edomvds></edom></attrdomv><attrdomv><edom><edomv>West</edomv><edomvd>Unknown</edomvd><edomvds>Producer defined</edomvds></edom></attrdomv></attr><attr><attrlabl>slipdirect</attrlabl><attrdef>Slip Direction</attrdef><attrdefs>Producer defined</attrdefs><attrdomv><edom><edomv>{Null Value / Empty Field Entry}</edomv><edomvd>Unknown</edomvd><edomvds>Producer defined</edomvds></edom></attrdomv><attrdomv><edom><edomv>C</edomv><edomvd>Unknown</edomvd><edomvds>Producer defined</edomvds></edom></attrdomv><attrdomv><edom><edomv>RL</edomv><edomvd>Unknown</edomvd><edomvds>Producer defined</edomvds></edom></attrdomv></attr><attr><attrlabl>fcode</attrlabl><attrdef>Unknown</attrdef><attrdefs>Producer defined</attrdefs><attrdomv><rdom><rdommin>0</rdommin><rdommax>12</rdommax></rdom></attrdomv></attr><attr><attrlabl>ftype</attrlabl><attrdef>Fault Type</attrdef><attrdefs>Producer defined</attrdefs><attrdomv><edom><edomv>{Null Value / Empty Field Entry}</edomv><edomvd>Unknown</edomvd><edomvds>Producer defined</edomvds></edom></attrdomv><attrdomv><edom><edomv>Inferred</edomv><edomvd>Unknown</edomvd><edomvds>Producer defined</edomvds></edom></attrdomv><attrdomv><edom><edomv>Moderately constrained</edomv><edomvd>Unknown</edomvd><edomvds>Producer defined</edomvds></edom></attrdomv><attrdomv><edom><edomv>Moderately Constrained</edomv><edomvd>Unknown</edomvd><edomvds>Producer defined</edomvds></edom></attrdomv><attrdomv><edom><edomv>Well constrained</edomv><edomvd>Unknown</edomvd><edomvds>Producer defined</edomvds></edom></attrdomv><attrdomv><edom><edomv>Well Constrained</edomv><edomvd>Unknown</edomvd><edomvds>Producer defined</edomvds></edom></attrdomv></attr><attr><attrlabl>mappedscal</attrlabl><attrdef>Mapped Scale</attrdef><attrdefs>Producer defined</attrdefs><attrdomv><edom><edomv>{Null Value / Empty Field Entry}</edomv><edomvd>Unknown</edomvd><edomvds>Producer defined</edomvds></edom></attrdomv><attrdomv><edom><edomv>100</edomv><edomvd>Unknown</edomvd><edomvds>Producer defined</edomvds></edom></attrdomv><attrdomv><edom><edomv>24</edomv><edomvd>Unknown</edomvd><edomvds>Producer defined</edomvds></edom></attrdomv><attrdomv><edom><edomv>250</edomv><edomvd>Unknown</edomvd><edomvds>Producer defined</edomvds></edom></attrdomv><attrdomv><edom><edomv>316</edomv><edomvd>Unknown</edomvd><edomvds>Producer defined</edomvds></edom></attrdomv><attrdomv><edom><edomv>50</edomv><edomvd>Unknown</edomvd><edomvds>Producer defined</edomvds></edom></attrdomv><attrdomv><edom><edomv>500</edomv><edomvd>Unknown</edomvd><edomvds>Producer defined</edomvds></edom></attrdomv><attrdomv><edom><edomv>63</edomv><edomvd>Unknown</edomvd><edomvds>Producer defined</edomvds></edom></attrdomv></attr><attr><attrlabl>secondarys</attrlabl><attrdef>Unknown</attrdef><attrdefs>Producer defined</attrdefs><attrdomv><edom><edomv>{Null Value / Empty Field Entry}</edomv><edomvd>Unknown</edomvd><edomvds>Producer defined</edomvds></edom></attrdomv><attrdomv><edom><edomv>LL</edomv><edomvd>Unknown</edomvd><edomvds>Producer defined</edomvds></edom></attrdomv><attrdomv><edom><edomv>N</edomv><edomvd>Unknown</edomvd><edomvds>Producer defined</edomvds></edom></attrdomv><attrdomv><edom><edomv>R</edomv><edomvd>Unknown</edomvd><edomvds>Producer defined</edomvds></edom></attrdomv><attrdomv><edom><edomv>RL</edomv><edomvd>Unknown</edomvd><edomvds>Producer defined</edomvds></edom></attrdomv><attrdomv><edom><edomv>SS</edomv><edomvd>Unknown</edomvd><edomvds>Producer defined</edomvds></edom></attrdomv><attrdomv><edom><edomv>T</edomv><edomvd>Unknown</edomvd><edomvds>Producer defined</edomvds></edom></attrdomv></attr><attr><attrlabl>slipsense_</attrlabl><attrdef>Unknown</attrdef><attrdefs>Producer defined</attrdefs><attrdomv><rdom><rdommin>0</rdommin><rdommax>5</rdommax></rdom></attrdomv></attr><attr><attrlabl>fault_id</attrlabl><attrdef>Unknown</attrdef><attrdefs>Producer defined</attrdefs><attrdomv><udom>Unknown</udom></attrdomv></attr><attr><attrlabl>section_id</attrlabl><attrdef>Unknown</attrdef><attrdefs>Producer defined</attrdefs><attrdomv><edom><edomv>{Null Value / Empty Field Entry}</edomv><edomvd>Unknown</edomvd><edomvds>Producer defined</edomvds></edom></attrdomv><attrdomv><edom><edomv>a</edomv><edomvd>Unknown</edomvd><edomvds>Producer defined</edomvds></edom></attrdomv><attrdomv><edom><edomv>b</edomv><edomvd>Unknown</edomvd><edomvds>Producer defined</edomvds></edom></attrdomv><attrdomv><edom><edomv>B</edomv><edomvd>Unknown</edomvd><edomvds>Producer defined</edomvds></edom></attrdomv><attrdomv><edom><edomv>c</edomv><edomvd>Unknown</edomvd><edomvds>Producer defined</edomvds></edom></attrdomv><attrdomv><edom><edomv>C</edomv><edomvd>Unknown</edomvd><edomvds>Producer defined</edomvds></edom></attrdomv><attrdomv><edom><edomv>d</edomv><edomvd>Unknown</edomvd><edomvds>Producer defined</edomvds></edom></attrdomv><attrdomv><edom><edomv>e</edomv><edomvd>Unknown</edomvd><edomvds>Producer defined</edomvds></edom></attrdomv><attrdomv><edom><edomv>f</edomv><edomvd>Unknown</edomvd><edomvds>Producer defined</edomvds></edom></attrdomv><attrdomv><edom><edomv>g</edomv><edomvd>Unknown</edomvd><edomvds>Producer defined</edomvds></edom></attrdomv><attrdomv><edom><edomv>h</edomv><edomvd>Unknown</edomvd><edomvds>Producer defined</edomvds></edom></attrdomv><attrdomv><edom><edomv>i</edomv><edomvd>Unknown</edomvd><edomvds>Producer defined</edomvds></edom></attrdomv><attrdomv><edom><edomv>j</edomv><edomvd>Unknown</edomvd><edomvds>Producer defined</edomvds></edom></attrdomv><attrdomv><edom><edomv>k</edomv><edomvd>Unknown</edomvd><edomvds>Producer defined</edomvds></edom></attrdomv><attrdomv><edom><edomv>l</edomv><edomvd>Unknown</edomvd><edomvds>Producer defined</edomvds></edom></attrdomv><attrdomv><edom><edomv>m</edomv><edomvd>Unknown</edomvd><edomvds>Producer defined</edomvds></edom></attrdomv><attrdomv><edom><edomv>MEX</edomv><edomvd>Unknown</edomvd><edomvds>Producer defined</edomvds></edom></attrdomv><attrdomv><edom><edomv>MX</edomv><edomvd>Unknown</edomvd><edomvds>Producer defined</edomvds></edom></attrdomv><attrdomv><edom><edomv>n</edomv><edomvd>Unknown</edomvd><edomvds>Producer defined</edomvds></edom></attrdomv><attrdomv><edom><edomv>o</edomv><edomvd>Unknown</edomvd><edomvds>Producer defined</edomvds></edom></attrdomv></attr><attr><attrlabl>azimuth</attrlabl><attrdef>Azimuth</attrdef><attrdefs>Producer defined</attrdefs><attrdomv><rdom><rdommin>0</rdommin><rdommax>360</rdommax></rdom></attrdomv></attr><attr><attrlabl>cooperator</attrlabl><attrdef>Cooperator</attrdef><attrdefs>Producer defined</attrdefs><attrdomv><edom><edomv>{Null Value / Empty Field Entry}</edomv><edomvd>Unknown</edomvd><edomvds>Producer defined</edomvds></edom></attrdomv><attrdomv><edom><edomv>Alaska Geological Survey</edomv><edomvd>Unknown</edomvd><edomvds>Producer defined</edomvds></edom></attrdomv><attrdomv><edom><edomv>Arizona Geological Survey</edomv><edomvd>Unknown</edomvd><edomvds>Producer defined</edomvds></edom></attrdomv><attrdomv><edom><edomv>Bureau of Economic Geology, The University of Texas at Austin</edomv><edomvd>Unknown</edomvd><edomvds>Producer defined</edomvds></edom></attrdomv><attrdomv><edom><edomv>California Geological Survey</edomv><edomvd>Unknown</edomvd><edomvds>Producer defined</edomvds></edom></attrdomv><attrdomv><edom><edomv>Colorado Geological Survey</edomv><edomvd>Unknown</edomvd><edomvds>Producer defined</edomvds></edom></attrdomv><attrdomv><edom><edomv>GEO-HAZ Consulting, Inc.</edomv><edomvd>Unknown</edomvd><edomvds>Producer defined</edomvds></edom></attrdomv><attrdomv><edom><edomv>Nevada Bureau of Mines and Geology</edomv><edomvd>Unknown</edomvd><edomvds>Producer defined</edomvds></edom></attrdomv><attrdomv><edom><edomv>none</edomv><edomvd>Unknown</edomvd><edomvds>Producer defined</edomvds></edom></attrdomv><attrdomv><edom><edomv>Oregon State University</edomv><edomvd>Unknown</edomvd><edomvds>Producer defined</edomvds></edom></attrdomv><attrdomv><edom><edomv>Piedmont Geosciences, Inc.</edomv><edomvd>Unknown</edomvd><edomvds>Producer defined</edomvds></edom></attrdomv><attrdomv><edom><edomv>San Luis Obispo County Planning Department</edomv><edomvd>Unknown</edomvd><edomvds>Producer defined</edomvds></edom></attrdomv><attrdomv><edom><edomv>Southern California Earthquake Center/U.S. Geological Survey</edomv><edomvd>Unknown</edomvd><edomvds>Producer defined</edomvds></edom></attrdomv><attrdomv><edom><edomv>U.S. Geological Survey</edomv><edomvd>Unknown</edomvd><edomvds>Producer defined</edomvds></edom></attrdomv><attrdomv><edom><edomv>University of Idaho</edomv><edomvd>Unknown</edomvd><edomvds>Producer defined</edomvds></edom></attrdomv><attrdomv><edom><edomv>Utah Geological Survey</edomv><edomvd>Unknown</edomvd><edomvds>Producer defined</edomvds></edom></attrdomv><attrdomv><edom><edomv>William Lettis &amp; Associates, Inc.</edomv><edomvd>Unknown</edomvd><edomvds>Producer defined</edomvds></edom></attrdomv></attr><attr><attrlabl>length</attrlabl><attrdef>Unknown</attrdef><attrdefs>Producer defined</attrdefs><attrdomv><rdom><rdommin>0</rdommin><rdommax>4342.34060019</rdommax></rdom></attrdomv></attr><attr><attrlabl>CFM_URL</attrlabl><attrdef>Fault Information Link</attrdef><attrdefs>Producer defined</attrdefs><attrdomv><udom>Fault Information Link</udom></attrdomv></attr><attr><attrlabl>FACODE</attrlabl><attrdef>Unknown</attrdef><attrdefs>Producer defined</attrdefs><attrdomv><rdom><rdommin>0</rdommin><rdommax>124</rdommax></rdom></attrdomv></attr><attr><attrlabl>URL_OLD</attrlabl><attrdef>Unknown</attrdef><attrdefs>Producer defined</attrdefs><attrdomv><udom>Unknown</udom></attrdomv></attr></detailed><overview><eaover>The entity and attribute information provided here describes the tabular data associated with the data set. Please review the detailed descriptions that are provided (the individual attribute descriptions) for information on the values that appear as fields/table entries of the data set.</eaover><eadetcit>The entity and attribute information was generated by the individual and/or agency identified as the originator of the data set. Please review the rest of the metadata record for additional details and information.</eadetcit></overview></eainfo><distinfo><distrib><cntinfo><cntorgp><cntorg>U.S. Geological Survey, NORTHWEST REGION</cntorg><cntper>Kathleen M Haller</cntper></cntorgp><cntpos>Research Geologist</cntpos><cntaddr><addrtype>mailing address</addrtype><address>Mail Stop MS 966, 1711 Illinois St</address><city>Golden</city><state>CO</state><postal>80401</postal></cntaddr><cntvoice>303-273-8616</cntvoice><cntfax>303-273-8600</cntfax><cntemail>haller@usgs.gov</cntemail></cntinfo></distrib><distliab>Distributor assumes no liability for misuse of data.</distliab><stdorder><digform><digtinfo><formname>Vector Digital Data Set (Polyline)</formname></digtinfo><digtopt><onlinopt><computer><networka><networkr>http://earthquake.usgs.gov/hazards/qfaults/qfaults.zip</networkr></networka></computer></onlinopt></digtopt></digform><fees>None. No fees are applicable for obtaining the data set.</fees></stdorder></distinfo><metainfo><metd>20160531</metd><metc><cntinfo><cntperp><cntper>Kathleen M Haller</cntper><cntorg>U.S. Geological Survey, NORTHWEST REGION</cntorg></cntperp><cntpos>Research Geologist</cntpos><cntaddr><addrtype>mailing address</addrtype><address>Mail Stop MS 966, 1711 Illinois St</address><city>Golden</city><state>CO</state><postal>80401</postal></cntaddr><cntvoice>303-273-8616</cntvoice><cntfax>303-273-8600</cntfax><cntemail>haller@usgs.gov</cntemail></cntinfo></metc><metstdn>FGDC Content Standard for Digital Geospatial Metadata</metstdn><metstdv>FGDC-STD-001-1998</metstdv></metainfo></metadata>